{
  "accuracy": [
    0.39661654829978943,
    0.5639097690582275,
    0.6691729426383972,
    0.7349624037742615,
    0.7706766724586487,
    0.43609023094177246,
    0.490601509809494,
    0.5827067494392395,
    0.63345867395401
  ],
  "auc": [
    0.6526236534118652,
    0.8135741353034973,
    0.8867557644844055,
    0.9101436734199524,
    0.9279066324234009,
    0.7224917411804199,
    0.7613936066627502,
    0.8200346827507019,
    0.8486483097076416
  ],
  "loss": [
    1.3121930360794067,
    1.0720611810684204,
    0.8899321556091309,
    0.7928754091262817,
    0.7082907557487488,
    1.2138850688934326,
    1.1402266025543213,
    1.0437415838241577,
    0.9899696111679077
  ],
  "precision": [
    0.48275861144065857,
    0.7225806713104248,
    0.8235294222831726,
    0.856269121170044,
    0.85326087474823,
    0.5094339847564697,
    0.6700507402420044,
    0.7658536434173584,
    0.8309859037399292
  ],
  "recall": [
    0.10526315867900848,
    0.21052631735801697,
    0.3947368562221527,
    0.5263158082962036,
    0.5902255773544312,
    0.2030075192451477,
    0.24812030792236328,
    0.2951127886772156,
    0.3327067792415619
  ],
  "val_accuracy": [
    0.6071428656578064,
    0.6804511547088623,
    0.7462406158447266,
    0.7443609237670898,
    0.8045112490653992,
    0.8007518649101257,
    0.8026315569877625,
    0.7932330965995789,
    0.7819548845291138
  ],
  "val_auc": [
    0.844588577747345,
    0.895172655582428,
    0.9382944107055664,
    0.9427410364151001,
    0.9623023867607117,
    0.9617294073104858,
    0.9590252637863159,
    0.9552046060562134,
    0.9508634805679321
  ],
  "val_loss": [
    1.085428237915039,
    0.9075092077255249,
    0.7649714350700378,
    0.69391930103302,
    0.6122864484786987,
    0.6084373593330383,
    0.6180558204650879,
    0.6318281292915344,
    0.6532158255577087
  ],
  "val_precision": [
    0.9487179517745972,
    0.7763713002204895,
    0.8580645322799683,
    0.8360214829444885,
    0.8853333592414856,
    0.8786279559135437,
    0.874666690826416,
    0.8736559152603149,
    0.869918704032898
  ],
  "val_recall": [
    0.06954887509346008,
    0.3458646535873413,
    0.5,
    0.5845864415168762,
    0.6240601539611816,
    0.6259398460388184,
    0.61654132604599,
    0.6109022498130798,
    0.603383481502533
  ],
  "learning_rate": [
    9.999999747378752e-05,
    9.999999747378752e-05,
    9.999999747378752e-05,
    9.999999747378752e-05,
    9.999999747378752e-05,
    9.999999747378752e-06,
    9.999999747378752e-06,
    9.999999747378752e-06,
    4.999999873689376e-06
  ]
}